[
    {
      "id": "1",
      "image": "hotel1.jfif",
      "title": "Cozy Apartment in the City Center",
      "propertyType": "Entire home",
      "guests": 4,
      "bedrooms": 2,
      "bathrooms": 1,
      "price": 120,
      "rating": 4.5,
      "location": "New York",
      "amenities": ["Wi-Fi", "Kitchen", "Air Conditioning", "TV"],
      "description": "A cozy apartment located in the heart of the city center, ideal for family stays."
    },
    {
      "id": "2",
      "image": "parishotel.jpg",
      "title": "Modern Loft with City Views",
      "propertyType": "Entire apartment",
      "guests": 2,
      "bedrooms": 1,
      "bathrooms": 1,
      "price": 150,
      "rating": 4.8,
      "location": "Paris",
      "amenities": ["Wi-Fi", "Kitchen", "Heater", "Balcony"],
      "description": "A stylish and modern loft with breathtaking views of the city skyline."    },
    {
      "id": "3",
      "image": "hotel1_mountainView.jpg",
      "title": "Mountain View Retreat",
      "propertyType": "Entire home",
      "guests": 4,
      "bedrooms": 2,
      "bathrooms": 1,
      "price": 120,
      "rating": 4.5,
      "location": "Los Angeles",
      "amenities": ["Wi-Fi", "Hot Tub", "Fireplace", "BBQ Grill"],
      "description": "Escape to a mountain retreat with serene views, perfect for nature lovers."
    },
    {
      "id": "4",
      "image": "hotel3.jpg",
      "title": "Urban Oasis",
      "propertyType": "Entire apartment",
      "guests": 2,
      "bedrooms": 1,
      "bathrooms": 1,
      "price": 150,
      "rating": 4.8,
      "location": "Miami",
      "amenities": ["Wi-Fi", "Pool", "Gym", "TV"],
      "description": "An urban oasis perfect for a relaxing getaway with access to modern amenities."
    },
    {
      "id": "4",
      "image": "hotel3.jpg",
      "title": "Urban Oasis",
      "propertyType": "Entire apartment",
      "guests": 2,
      "bedrooms": 1,
      "bathrooms": 1,
      "price": 150,
      "rating": 4.8,
      "location": "Miami",
      "amenities": ["Wi-Fi", "Pool", "Gym", "TV"],
      "description": "An urban oasis perfect for a relaxing getaway with access to modern amenities."
    }
]
